city,postcode_area,period,all_companies,letting_or_investment,management_only,block_or_residents,at_shared_addresses,source,licence
Bath,BA,2026-09,23,21,2,0,0,Companies House public register; counts by Innovate Digital,Companies House imposes no rules or requirements on how the information on the public register is used: https://www.gov.uk/guidance/companies-house-data-products
Birmingham,B,2026-09,280,259,21,0,10,Companies House public register; counts by Innovate Digital,Companies House imposes no rules or requirements on how the information on the public register is used: https://www.gov.uk/guidance/companies-house-data-products
Brighton,BN,2026-09,59,54,4,1,3,Companies House public register; counts by Innovate Digital,Companies House imposes no rules or requirements on how the information on the public register is used: https://www.gov.uk/guidance/companies-house-data-products
Bristol,BS,2026-09,73,69,3,1,0,Companies House public register; counts by Innovate Digital,Companies House imposes no rules or requirements on how the information on the public register is used: https://www.gov.uk/guidance/companies-house-data-products
Cambridge,CB,2026-09,25,22,3,0,0,Companies House public register; counts by Innovate Digital,Companies House imposes no rules or requirements on how the information on the public register is used: https://www.gov.uk/guidance/companies-house-data-products
Coventry,CV,2026-09,87,79,8,0,4,Companies House public register; counts by Innovate Digital,Companies House imposes no rules or requirements on how the information on the public register is used: https://www.gov.uk/guidance/companies-house-data-products
Derby,DE,2026-09,55,52,3,0,3,Companies House public register; counts by Innovate Digital,Companies House imposes no rules or requirements on how the information on the public register is used: https://www.gov.uk/guidance/companies-house-data-products
Durham,DH,2026-09,23,23,0,0,3,Companies House public register; counts by Innovate Digital,Companies House imposes no rules or requirements on how the information on the public register is used: https://www.gov.uk/guidance/companies-house-data-products
Exeter,EX,2026-09,33,32,1,0,8,Companies House public register; counts by Innovate Digital,Companies House imposes no rules or requirements on how the information on the public register is used: https://www.gov.uk/guidance/companies-house-data-products
Hull,HU,2026-09,34,32,2,0,6,Companies House public register; counts by Innovate Digital,Companies House imposes no rules or requirements on how the information on the public register is used: https://www.gov.uk/guidance/companies-house-data-products
Leeds,LS,2026-09,85,82,3,0,4,Companies House public register; counts by Innovate Digital,Companies House imposes no rules or requirements on how the information on the public register is used: https://www.gov.uk/guidance/companies-house-data-products
Leicester,LE,2026-09,92,89,3,0,6,Companies House public register; counts by Innovate Digital,Companies House imposes no rules or requirements on how the information on the public register is used: https://www.gov.uk/guidance/companies-house-data-products
Lincoln,LN,2026-09,15,14,1,0,3,Companies House public register; counts by Innovate Digital,Companies House imposes no rules or requirements on how the information on the public register is used: https://www.gov.uk/guidance/companies-house-data-products
Liverpool,L,2026-09,73,63,8,2,3,Companies House public register; counts by Innovate Digital,Companies House imposes no rules or requirements on how the information on the public register is used: https://www.gov.uk/guidance/companies-house-data-products
Manchester,M,2026-09,230,216,14,0,32,Companies House public register; counts by Innovate Digital,Companies House imposes no rules or requirements on how the information on the public register is used: https://www.gov.uk/guidance/companies-house-data-products
Newcastle upon Tyne,NE,2026-09,85,80,5,0,0,Companies House public register; counts by Innovate Digital,Companies House imposes no rules or requirements on how the information on the public register is used: https://www.gov.uk/guidance/companies-house-data-products
Norwich,NR,2026-09,44,38,6,0,0,Companies House public register; counts by Innovate Digital,Companies House imposes no rules or requirements on how the information on the public register is used: https://www.gov.uk/guidance/companies-house-data-products
Nottingham,NG,2026-09,99,88,10,1,14,Companies House public register; counts by Innovate Digital,Companies House imposes no rules or requirements on how the information on the public register is used: https://www.gov.uk/guidance/companies-house-data-products
Oxford,OX,2026-09,46,42,4,0,0,Companies House public register; counts by Innovate Digital,Companies House imposes no rules or requirements on how the information on the public register is used: https://www.gov.uk/guidance/companies-house-data-products
Plymouth,PL,2026-09,17,14,3,0,0,Companies House public register; counts by Innovate Digital,Companies House imposes no rules or requirements on how the information on the public register is used: https://www.gov.uk/guidance/companies-house-data-products
Portsmouth,PO,2026-09,63,60,2,1,13,Companies House public register; counts by Innovate Digital,Companies House imposes no rules or requirements on how the information on the public register is used: https://www.gov.uk/guidance/companies-house-data-products
Reading,RG,2026-09,50,46,4,0,0,Companies House public register; counts by Innovate Digital,Companies House imposes no rules or requirements on how the information on the public register is used: https://www.gov.uk/guidance/companies-house-data-products
Sheffield,S,2026-09,86,84,2,0,3,Companies House public register; counts by Innovate Digital,Companies House imposes no rules or requirements on how the information on the public register is used: https://www.gov.uk/guidance/companies-house-data-products
Southampton,SO,2026-09,38,35,3,0,0,Companies House public register; counts by Innovate Digital,Companies House imposes no rules or requirements on how the information on the public register is used: https://www.gov.uk/guidance/companies-house-data-products
Stoke-on-Trent,ST,2026-09,31,31,0,0,0,Companies House public register; counts by Innovate Digital,Companies House imposes no rules or requirements on how the information on the public register is used: https://www.gov.uk/guidance/companies-house-data-products
